3,2,rest|StarCraft,2026-03-16 09:00
5,4,Calculus|commute,2026-03-17 14:30
6,7,caregiving|SER,2026-03-18 19:00
4,4,SQL-practice|M4-setup,2026-03-19 11:15
8,6,Discrete-Math|logic-proofs,2026-03-20 22:00
4,3,SFML-project|Mario-physics,2026-03-21 13:00
2,2,rest|SC2-ladder,2026-03-22 10:00
5,5,meal-prep,2026-03-23 18:30
7,8,Monday-commute|Calculus-quiz,2026-03-24 08:45
6,4,Database-lab|SQL-queries,2026-03-25 15:00
9,9,Midterm-cramming|no-sleep,2026-03-26 02:00
8,7,Discrete-Math-Midterm|passed,2026-03-26 14:00
3,2,post-exam-nap|rest,2026-03-27 11:00
4,5,caregiving|SER,2026-03-28 16:00
5,4,laundry|JUA,2026-03-29 19:30
6,5,Calculus-homework|commute,2026-03-30 10:00
7,6,SFML-debugging|M4-performance,2026-03-31 21:00
4,4,Spring-Break-start|coffee,2026-04-01 12:00
2,1,rest|skincare-routine,2026-04-02 15:00
3,2,SC2-Platinum-push|fun,2026-04-03 23:00
4,6,caregiving|JUA,2026-04-04 14:00
5,4,SFML-sprites|honors-project,2026-04-05 18:00
6,7,Back-to-class|Calculus,2026-04-06 09:15
5,4,Database-Management|SQL,2026-04-07 13:00
7,8,caregiving|SER,2026-04-08 20:30
6,5,Discrete-Math|set-theory,2026-04-09 11:00
5,4,commute|rain,2026-04-10 16:45
3,2,rest|hand-exercises,2026-04-11 12:00
8,7,Project-Deadline|SFML-collision,2026-04-12 21:00
6,5,Database-exam|stress,2026-04-13 10:30
4,6,rent|VitalityHub-dev,2026-04-14 14:16
4,3,heavy-traffic,2026-04-15 08:30
6,5,work-deadline,2026-04-16 17:00
3,4,grocery-store|crowds,2026-04-17 12:00
2,2,light-exercise,2026-04-18 10:00
5,6,unpaid-bills|utilities,2026-04-19 20:00
3,3,house-cleaning,2026-04-20 11:30
6,4,car-trouble|mechanic,2026-04-21 09:00
4,5,loud-neighbors,2026-04-22 19:30
2,1,reading-book,2026-04-23 21:00
7,6,bad-sleep|exhaustion,2026-04-24 07:30
4,3,preparing-dinner,2026-04-25 18:00
5,5,answering-emails,2026-04-26 14:00
3,2,evening-walk,2026-04-27 16:30
6,7,rainy-commute|traffic,2026-04-28 08:45
4,4,dentist-visit,2026-04-29 10:00
5,3,cluttered-desk,2026-04-30 13:00
3,5,travel-planning,2026-05-01 17:00
2,2,watching-a-movie,2026-05-02 20:00
6,5,unexpected-phone-call,2026-05-03 12:00
4,4,planning-the-week,2026-05-04 21:00
